epoch,time,train/box_loss,train/cls_loss,train/dfl_loss,metrics/precision(B),metrics/recall(B),metrics/mAP50(B),metrics/mAP50-95(B),val/box_loss,val/cls_loss,val/dfl_loss,lr/pg0,lr/pg1,lr/pg2
1,26.1146,6.16624,70.4283,4.3297,0,0,0,0,6.10122,5.527,4.15447,0.0838,0.0018,0.0018
2,40.274,4.41705,23.8266,3.21309,0,0,0,0,6.05174,5.79538,4.05132,0.0666878,0.00368779,0.00368779
3,55.5923,3.06785,5.76486,1.81456,0,0,0,0,5.64802,5.77603,2.99604,0.049563,0.00556304,0.00556304
4,69.8971,2.61508,4.37182,1.38881,0,0,0,0,2.45101,5.06222,1.35786,0.0324257,0.00742575,0.00742575
5,86.6377,2.2669,3.82386,1.19848,0.03149,0.0903,0.02436,0.01253,1.89688,4.0246,1.13015,0.0152759,0.00927592,0.00927592
6,103.714,1.99796,3.46608,1.07392,0.17972,0.08661,0.0506,0.02602,1.73953,2.76628,1.04329,0.009835,0.009835,0.009835
7,121.488,1.79082,3.07076,1.00269,0.22925,0.17879,0.08135,0.03993,1.71329,2.54339,1.01925,0.009802,0.009802,0.009802
8,138.687,1.60834,2.79436,0.9404,0.20448,0.19909,0.12453,0.06729,1.64118,2.47865,1.0075,0.009769,0.009769,0.009769
9,156.714,1.51386,2.55913,0.95728,0.21462,0.28876,0.16937,0.09775,1.37381,2.00561,0.91956,0.009736,0.009736,0.009736
10,173.969,1.42437,2.27873,0.90676,0.34893,0.30007,0.19859,0.12137,1.23819,1.8488,0.89689,0.009703,0.009703,0.009703
11,191.938,1.36173,2.15941,0.91052,0.27899,0.35898,0.23616,0.14877,1.20113,1.81659,0.89559,0.00967,0.00967,0.00967
12,209.157,1.27671,2.02755,0.89902,0.34281,0.35182,0.26502,0.16803,1.14478,1.86122,0.88333,0.009637,0.009637,0.009637
13,226.98,1.27299,1.92093,0.89454,0.35295,0.36325,0.28427,0.17544,1.1393,1.80546,0.87645,0.009604,0.009604,0.009604
14,244.351,1.21261,1.8258,0.88653,0.42582,0.35453,0.31568,0.20435,1.05321,1.61345,0.87406,0.009571,0.009571,0.009571
15,262.259,1.21192,1.72473,0.88428,0.40117,0.39983,0.33582,0.22136,1.04533,1.54575,0.86891,0.009538,0.009538,0.009538
16,279.524,1.22668,1.70582,0.88247,0.37478,0.42241,0.35511,0.23644,1.03165,1.4274,0.86158,0.009505,0.009505,0.009505
17,297.427,1.17765,1.65869,0.87869,0.43376,0.38529,0.33758,0.23349,0.98802,1.53797,0.86794,0.009472,0.009472,0.009472
18,314.617,1.15765,1.59841,0.86781,0.43703,0.40489,0.3735,0.26368,0.93962,1.35127,0.8552,0.009439,0.009439,0.009439
19,332.523,1.09252,1.50449,0.86287,0.348,0.44677,0.36822,0.25332,0.98608,1.49747,0.85342,0.009406,0.009406,0.009406
20,349.778,1.09033,1.52966,0.86288,0.45201,0.42047,0.38837,0.27187,0.97361,1.48608,0.858,0.009373,0.009373,0.009373
21,367.781,1.15366,1.49162,0.87475,0.44435,0.42264,0.39528,0.27436,0.96551,1.48255,0.85643,0.00934,0.00934,0.00934
22,385.556,1.06489,1.42929,0.85767,0.48458,0.44198,0.43387,0.29784,0.98284,1.2636,0.85192,0.009307,0.009307,0.009307
23,404.05,1.07626,1.40706,0.86095,0.42961,0.43848,0.39911,0.27189,1.02121,1.38634,0.86735,0.009274,0.009274,0.009274
24,421.542,1.09525,1.37475,0.85402,0.4925,0.47411,0.47462,0.33033,0.92703,1.15319,0.8544,0.009241,0.009241,0.009241
25,439.642,1.05142,1.31261,0.86242,0.47151,0.45757,0.44958,0.31916,0.93731,1.27246,0.84441,0.009208,0.009208,0.009208
26,457.068,1.0512,1.30871,0.86361,0.52531,0.47998,0.49597,0.35372,0.90821,1.17632,0.84569,0.009175,0.009175,0.009175
27,475.302,1.02977,1.29672,0.85137,0.47818,0.50174,0.4794,0.33794,0.92183,1.14128,0.84806,0.009142,0.009142,0.009142
28,492.85,1.02977,1.23644,0.85857,0.50696,0.4748,0.47781,0.34002,0.90025,1.18877,0.84221,0.009109,0.009109,0.009109
29,511.009,1.03109,1.27269,0.85789,0.51148,0.52114,0.52161,0.37435,0.90244,1.08685,0.84211,0.009076,0.009076,0.009076
30,528.495,1.0029,1.20753,0.85183,0.47837,0.46325,0.45292,0.31096,0.95633,1.37326,0.84586,0.009043,0.009043,0.009043
31,546.506,1.03015,1.18534,0.85216,0.5677,0.48661,0.51765,0.36917,0.90605,1.11279,0.84026,0.00901,0.00901,0.00901
32,563.889,0.99568,1.15695,0.84666,0.49154,0.48103,0.49342,0.36169,0.88911,1.16715,0.84277,0.008977,0.008977,0.008977
33,582.219,0.95134,1.13482,0.83906,0.51417,0.50938,0.51763,0.37574,0.91641,1.13293,0.84705,0.008944,0.008944,0.008944
34,599.631,0.97893,1.13256,0.84713,0.52764,0.50995,0.52597,0.38091,0.89647,1.06357,0.84141,0.008911,0.008911,0.008911
35,617.794,0.99917,1.09012,0.84453,0.53097,0.50321,0.51634,0.3701,0.91661,1.10028,0.84668,0.008878,0.008878,0.008878
36,635.132,1.00995,1.12146,0.83544,0.53984,0.50051,0.51888,0.37412,0.91178,1.10336,0.84233,0.008845,0.008845,0.008845
37,653.307,0.96624,1.07325,0.84973,0.58152,0.53306,0.55948,0.40396,0.88879,1.00685,0.83661,0.008812,0.008812,0.008812
38,670.67,0.95121,1.06615,0.83606,0.56423,0.50186,0.5423,0.39804,0.87776,1.04729,0.83773,0.008779,0.008779,0.008779
39,689.076,0.96261,1.04382,0.84612,0.5588,0.54092,0.55813,0.40447,0.87378,1.07946,0.83919,0.008746,0.008746,0.008746
40,706.407,0.96686,1.0166,0.83663,0.61216,0.51294,0.56147,0.4121,0.87625,1.04422,0.84218,0.008713,0.008713,0.008713
41,724.627,0.961,1.0241,0.83889,0.60911,0.53688,0.56638,0.41681,0.8529,0.94666,0.83424,0.00868,0.00868,0.00868
42,742.242,0.95067,1.03991,0.85112,0.59702,0.52626,0.56409,0.41199,0.86758,0.9879,0.84072,0.008647,0.008647,0.008647
43,760.522,0.95504,1.02051,0.83522,0.58764,0.54442,0.57426,0.41597,0.86124,0.99403,0.83556,0.008614,0.008614,0.008614
44,777.958,0.96255,1.00035,0.83342,0.59588,0.56249,0.58745,0.43202,0.87344,0.96703,0.83445,0.008581,0.008581,0.008581
45,796.547,0.95717,0.98453,0.84183,0.64853,0.54588,0.6034,0.44595,0.827,0.93165,0.83141,0.008548,0.008548,0.008548
46,813.93,0.93313,0.95919,0.8338,0.60498,0.51847,0.55228,0.39846,0.87721,1.06097,0.83631,0.008515,0.008515,0.008515
47,832.12,0.91632,0.94023,0.82848,0.6151,0.52255,0.58101,0.4245,0.86194,0.97818,0.8319,0.008482,0.008482,0.008482
48,849.594,0.92972,0.9791,0.83696,0.59499,0.56177,0.60102,0.43984,0.8459,0.92916,0.8309,0.008449,0.008449,0.008449
49,867.782,0.94797,0.94596,0.82989,0.64905,0.53875,0.59801,0.43269,0.87069,0.98448,0.83528,0.008416,0.008416,0.008416
50,885.304,0.93085,0.98913,0.83606,0.59448,0.55545,0.58614,0.43051,0.84753,0.97416,0.83279,0.008383,0.008383,0.008383
51,903.377,0.92182,0.89972,0.83586,0.62328,0.5332,0.58406,0.43092,0.86928,0.97559,0.83478,0.00835,0.00835,0.00835
52,920.886,0.91256,0.9301,0.83383,0.67081,0.55188,0.60427,0.44589,0.84904,0.9567,0.83132,0.008317,0.008317,0.008317
53,938.944,0.91763,0.8753,0.83342,0.66575,0.57411,0.63765,0.47072,0.83152,0.89827,0.82879,0.008284,0.008284,0.008284
54,956.306,0.90183,0.89299,0.83088,0.66273,0.56953,0.6303,0.46794,0.83168,0.87068,0.83183,0.008251,0.008251,0.008251
55,974.329,0.91563,0.90106,0.8365,0.67979,0.55218,0.61898,0.45782,0.83859,0.94125,0.83157,0.008218,0.008218,0.008218
56,991.636,0.92855,0.90982,0.82906,0.69393,0.58479,0.64927,0.47985,0.8271,0.85638,0.82801,0.008185,0.008185,0.008185
57,1009.73,0.88566,0.86899,0.83054,0.69425,0.57918,0.64004,0.47054,0.85111,0.89204,0.83135,0.008152,0.008152,0.008152
58,1027.01,0.88836,0.86361,0.83077,0.68737,0.58685,0.64777,0.48467,0.83176,0.8381,0.82778,0.008119,0.008119,0.008119
59,1045.08,0.93218,0.88281,0.83669,0.70458,0.57694,0.6569,0.48748,0.82507,0.81334,0.82811,0.008086,0.008086,0.008086
60,1062.39,0.90545,0.86022,0.82886,0.65412,0.57611,0.62938,0.46166,0.85137,0.93364,0.83241,0.008053,0.008053,0.008053
61,1080.48,0.89595,0.85338,0.82718,0.69376,0.59214,0.654,0.48351,0.82302,0.81642,0.82947,0.00802,0.00802,0.00802
62,1097.81,0.88999,0.85929,0.83456,0.69325,0.579,0.65025,0.48726,0.81303,0.83881,0.82633,0.007987,0.007987,0.007987
63,1115.9,0.89831,0.85956,0.83663,0.70462,0.57508,0.65318,0.48442,0.82402,0.80284,0.83029,0.007954,0.007954,0.007954
64,1133.3,0.93604,0.86293,0.83146,0.70987,0.59963,0.67063,0.49919,0.81838,0.79247,0.82713,0.007921,0.007921,0.007921
65,1151.4,0.90666,0.82825,0.83378,0.69768,0.58915,0.66749,0.49403,0.81897,0.81175,0.82391,0.007888,0.007888,0.007888
66,1168.78,0.88283,0.80248,0.82214,0.71701,0.58892,0.66026,0.49195,0.80951,0.78795,0.82764,0.007855,0.007855,0.007855
67,1186.88,0.88871,0.81642,0.82829,0.70566,0.5704,0.64504,0.47428,0.83855,0.87924,0.83204,0.007822,0.007822,0.007822
68,1204.29,0.90571,0.86124,0.83131,0.70963,0.58978,0.67376,0.50227,0.81579,0.79858,0.82786,0.007789,0.007789,0.007789
69,1222.39,0.87276,0.81425,0.82456,0.7206,0.61097,0.68254,0.5073,0.81388,0.78673,0.8241,0.007756,0.007756,0.007756
70,1239.74,0.88261,0.79066,0.82845,0.71831,0.60094,0.68265,0.50298,0.83283,0.77681,0.83067,0.007723,0.007723,0.007723
71,1257.84,0.88733,0.79646,0.82733,0.6998,0.59397,0.67118,0.49857,0.81818,0.83065,0.82751,0.00769,0.00769,0.00769
72,1275.16,0.87914,0.79281,0.8291,0.70111,0.61783,0.68566,0.50956,0.81286,0.82211,0.82646,0.007657,0.007657,0.007657
73,1293.38,0.89016,0.79776,0.83449,0.72094,0.61912,0.69395,0.5183,0.80224,0.7383,0.82351,0.007624,0.007624,0.007624
74,1310.81,0.91154,0.79113,0.82804,0.724,0.62911,0.70289,0.51665,0.81829,0.73862,0.82778,0.007591,0.007591,0.007591
75,1328.89,0.85707,0.75278,0.82938,0.72237,0.6122,0.6908,0.51454,0.81231,0.79194,0.82368,0.007558,0.007558,0.007558
76,1346.28,0.89803,0.75433,0.83628,0.71375,0.63043,0.70077,0.52571,0.80738,0.75048,0.82532,0.007525,0.007525,0.007525
77,1364.36,0.8639,0.73879,0.82782,0.71686,0.61511,0.69755,0.51729,0.81181,0.75454,0.82489,0.007492,0.007492,0.007492
78,1381.72,0.86352,0.78344,0.82307,0.75368,0.60979,0.70054,0.52171,0.8013,0.74104,0.82357,0.007459,0.007459,0.007459
79,1399.8,0.87102,0.76801,0.82032,0.70696,0.64554,0.70859,0.53152,0.81231,0.73909,0.8234,0.007426,0.007426,0.007426
80,1417.12,0.85682,0.75744,0.83642,0.71834,0.62021,0.68629,0.51457,0.7954,0.76588,0.82419,0.007393,0.007393,0.007393
81,1435.41,0.87025,0.75406,0.82592,0.71258,0.61528,0.7008,0.51777,0.80996,0.77164,0.82686,0.00736,0.00736,0.00736
82,1452.82,0.87158,0.75456,0.83002,0.74316,0.60333,0.6949,0.5204,0.79329,0.7622,0.82596,0.007327,0.007327,0.007327
83,1470.96,0.85703,0.7318,0.8266,0.73484,0.61892,0.70192,0.52495,0.79453,0.73468,0.82074,0.007294,0.007294,0.007294
84,1488.31,0.84955,0.76088,0.82492,0.73147,0.63541,0.70923,0.53391,0.80122,0.7341,0.82238,0.007261,0.007261,0.007261
85,1506.38,0.87876,0.73662,0.83312,0.74813,0.63455,0.71863,0.5331,0.8035,0.71574,0.82269,0.007228,0.007228,0.007228
86,1523.7,0.82927,0.73977,0.8161,0.73671,0.65242,0.72374,0.54249,0.79395,0.71296,0.82097,0.007195,0.007195,0.007195
87,1541.81,0.85388,0.72263,0.82873,0.72906,0.61923,0.69596,0.51985,0.78695,0.75427,0.82252,0.007162,0.007162,0.007162
88,1559.17,0.87014,0.7069,0.82705,0.73377,0.63031,0.72092,0.5382,0.79409,0.71695,0.82237,0.007129,0.007129,0.007129
89,1577.34,0.87462,0.73684,0.82614,0.77212,0.62268,0.72552,0.54289,0.78877,0.70418,0.8223,0.007096,0.007096,0.007096
90,1594.57,0.83235,0.68472,0.82548,0.7464,0.63733,0.71621,0.53702,0.78867,0.70439,0.82039,0.007063,0.007063,0.007063
91,1612.59,0.85177,0.72112,0.82673,0.76923,0.62433,0.72104,0.53769,0.79266,0.71306,0.81889,0.00703,0.00703,0.00703
92,1629.83,0.86534,0.73166,0.82444,0.76263,0.63314,0.71849,0.53821,0.79199,0.71732,0.82242,0.006997,0.006997,0.006997
93,1647.88,0.88365,0.72889,0.82433,0.74747,0.62522,0.71603,0.53626,0.79538,0.77164,0.82306,0.006964,0.006964,0.006964
94,1665.25,0.8327,0.72042,0.8192,0.73182,0.64161,0.71806,0.53983,0.80206,0.7116,0.82556,0.006931,0.006931,0.006931
95,1683.27,0.83255,0.70391,0.82023,0.76048,0.64677,0.72836,0.54712,0.78476,0.69602,0.82146,0.006898,0.006898,0.006898
96,1700.57,0.84983,0.70155,0.82913,0.76841,0.63273,0.72666,0.54547,0.79264,0.72404,0.82196,0.006865,0.006865,0.006865
97,1718.64,0.85144,0.70681,0.82576,0.7446,0.64287,0.72739,0.54191,0.78549,0.68325,0.82056,0.006832,0.006832,0.006832
98,1735.95,0.82925,0.68109,0.82079,0.76145,0.62208,0.7221,0.53727,0.7882,0.7159,0.82085,0.006799,0.006799,0.006799
99,1754.16,0.82378,0.70076,0.82569,0.75324,0.65088,0.73955,0.56026,0.77268,0.67826,0.81916,0.006766,0.006766,0.006766
100,1771.42,0.82297,0.67809,0.82239,0.7531,0.65125,0.74038,0.55466,0.78723,0.68562,0.82158,0.006733,0.006733,0.006733
101,1789.51,0.84012,0.70144,0.82926,0.73421,0.64805,0.72417,0.54278,0.78999,0.72948,0.82053,0.0067,0.0067,0.0067
102,1806.96,0.82569,0.66834,0.81943,0.77529,0.65645,0.74261,0.55847,0.77549,0.68496,0.8216,0.006667,0.006667,0.006667
103,1824.92,0.83402,0.67749,0.815,0.76048,0.63811,0.73103,0.54796,0.78609,0.69129,0.82082,0.006634,0.006634,0.006634
104,1842.16,0.82849,0.66098,0.81754,0.76112,0.67262,0.74905,0.56187,0.78047,0.65402,0.82249,0.006601,0.006601,0.006601
105,1860.14,0.80915,0.66235,0.81721,0.78552,0.64802,0.75111,0.56712,0.77238,0.65383,0.82006,0.006568,0.006568,0.006568
106,1877.47,0.84081,0.66774,0.82187,0.74536,0.67293,0.74167,0.55893,0.77846,0.66507,0.82025,0.006535,0.006535,0.006535
107,1895.48,0.78927,0.64153,0.81908,0.77342,0.6651,0.75156,0.56313,0.77548,0.65319,0.81921,0.006502,0.006502,0.006502
108,1912.75,0.83739,0.68146,0.81565,0.80301,0.64448,0.75059,0.56256,0.78098,0.66275,0.82057,0.006469,0.006469,0.006469
109,1930.77,0.80836,0.62795,0.81666,0.78501,0.6605,0.75523,0.57276,0.76675,0.65385,0.81804,0.006436,0.006436,0.006436
110,1948.03,0.81729,0.65309,0.82216,0.77426,0.66519,0.75253,0.56472,0.77561,0.65854,0.8179,0.006403,0.006403,0.006403
111,1966.15,0.81518,0.67297,0.8195,0.78246,0.66313,0.74873,0.56053,0.7752,0.659,0.81837,0.00637,0.00637,0.00637
112,1983.44,0.82679,0.63889,0.81918,0.78781,0.65746,0.74735,0.56797,0.76386,0.64669,0.81805,0.006337,0.006337,0.006337
113,2001.65,0.81265,0.66896,0.81493,0.75731,0.64638,0.73327,0.55006,0.76994,0.67829,0.81898,0.006304,0.006304,0.006304
114,2018.92,0.8443,0.66086,0.82137,0.77827,0.66593,0.75635,0.57042,0.77546,0.65678,0.8172,0.006271,0.006271,0.006271
115,2036.97,0.80525,0.63681,0.81855,0.78654,0.66234,0.7523,0.56627,0.76663,0.63985,0.81884,0.006238,0.006238,0.006238
116,2054.23,0.80829,0.62443,0.81077,0.78039,0.68488,0.76842,0.57265,0.78023,0.64647,0.81812,0.006205,0.006205,0.006205
117,2072.26,0.79334,0.62849,0.81862,0.80127,0.66871,0.76319,0.57248,0.76629,0.61424,0.8169,0.006172,0.006172,0.006172
118,2089.56,0.78414,0.60426,0.81245,0.76873,0.68308,0.75773,0.56975,0.7654,0.63189,0.81708,0.006139,0.006139,0.006139
119,2107.57,0.7812,0.59193,0.81185,0.78463,0.65241,0.7555,0.56899,0.76902,0.64614,0.81752,0.006106,0.006106,0.006106
120,2124.94,0.80023,0.62874,0.81721,0.79833,0.68522,0.76735,0.57718,0.76691,0.65266,0.8187,0.006073,0.006073,0.006073
121,2143.03,0.82094,0.61936,0.81526,0.77677,0.67643,0.75965,0.57376,0.75788,0.63561,0.81766,0.00604,0.00604,0.00604
122,2160.24,0.81409,0.6477,0.8201,0.75281,0.65577,0.74084,0.5624,0.76607,0.66266,0.81788,0.006007,0.006007,0.006007
123,2178.35,0.84043,0.61234,0.8186,0.80385,0.65147,0.75842,0.57041,0.7664,0.63764,0.81918,0.005974,0.005974,0.005974
124,2195.67,0.77404,0.62242,0.81076,0.78725,0.66728,0.76341,0.57438,0.77082,0.6406,0.81867,0.005941,0.005941,0.005941
125,2213.75,0.79106,0.60784,0.8102,0.78566,0.68608,0.76783,0.57873,0.75948,0.62971,0.81735,0.005908,0.005908,0.005908
126,2231.02,0.79262,0.60158,0.81414,0.77765,0.6786,0.76467,0.57584,0.77008,0.64123,0.81799,0.005875,0.005875,0.005875
127,2249.21,0.80986,0.61722,0.81797,0.75945,0.68751,0.76397,0.57114,0.76534,0.64765,0.81879,0.005842,0.005842,0.005842
128,2266.48,0.80782,0.61273,0.81311,0.78038,0.67402,0.76176,0.57554,0.75944,0.64239,0.81708,0.005809,0.005809,0.005809
129,2284.48,0.80194,0.61667,0.82291,0.77221,0.69807,0.77573,0.58635,0.7621,0.62055,0.81818,0.005776,0.005776,0.005776
130,2301.84,0.7711,0.59676,0.81663,0.81099,0.67121,0.77648,0.58684,0.75816,0.61627,0.81631,0.005743,0.005743,0.005743
131,2319.88,0.79619,0.589,0.81544,0.7872,0.68281,0.77333,0.58357,0.7646,0.62545,0.81919,0.00571,0.00571,0.00571
132,2337.14,0.795,0.61431,0.82596,0.79615,0.6817,0.77471,0.58567,0.75468,0.61734,0.81677,0.005677,0.005677,0.005677
133,2355.44,0.77368,0.59657,0.81717,0.8061,0.67697,0.78085,0.58945,0.75101,0.60099,0.81488,0.005644,0.005644,0.005644
134,2372.71,0.79532,0.59931,0.81687,0.76947,0.70611,0.77648,0.58575,0.75416,0.62035,0.8158,0.005611,0.005611,0.005611
135,2390.74,0.82479,0.60162,0.81276,0.79242,0.68588,0.77338,0.58485,0.7611,0.6237,0.81817,0.005578,0.005578,0.005578
136,2408.12,0.79532,0.58857,0.81932,0.80489,0.69119,0.78131,0.59251,0.74971,0.59931,0.81631,0.005545,0.005545,0.005545
137,2426.57,0.77621,0.56437,0.81295,0.81095,0.68536,0.78301,0.59295,0.75895,0.61403,0.81572,0.005512,0.005512,0.005512
138,2444.03,0.79999,0.58811,0.80937,0.80533,0.68772,0.77901,0.58874,0.75547,0.61495,0.8155,0.005479,0.005479,0.005479
139,2462.09,0.80346,0.59623,0.8189,0.79529,0.69033,0.77599,0.58557,0.75492,0.61827,0.81496,0.005446,0.005446,0.005446
140,2479.41,0.77121,0.56332,0.80934,0.81087,0.69251,0.7846,0.59491,0.75763,0.59523,0.81614,0.005413,0.005413,0.005413
141,2497.6,0.78809,0.56882,0.81432,0.80609,0.68273,0.77916,0.58978,0.75666,0.61162,0.81555,0.00538,0.00538,0.00538
142,2514.81,0.8111,0.5909,0.80957,0.79784,0.67548,0.77841,0.58708,0.75361,0.62497,0.81434,0.005347,0.005347,0.005347
143,2533.04,0.76436,0.58967,0.81046,0.80256,0.68348,0.78069,0.59278,0.7519,0.61587,0.81421,0.005314,0.005314,0.005314
144,2550.35,0.77897,0.57995,0.81632,0.79444,0.71411,0.79197,0.59785,0.75239,0.58898,0.81369,0.005281,0.005281,0.005281
145,2568.37,0.78376,0.56429,0.81563,0.79381,0.68814,0.77462,0.58264,0.75618,0.63008,0.81466,0.005248,0.005248,0.005248
146,2585.69,0.74759,0.53952,0.81151,0.8097,0.68798,0.78507,0.59407,0.75102,0.61383,0.81457,0.005215,0.005215,0.005215
147,2603.74,0.76007,0.56224,0.818,0.81259,0.69569,0.79203,0.59769,0.75346,0.58262,0.8165,0.005182,0.005182,0.005182
148,2621.01,0.76926,0.57022,0.81188,0.7991,0.68069,0.78555,0.59521,0.74942,0.5947,0.81542,0.005149,0.005149,0.005149
149,2639.03,0.77864,0.57645,0.80759,0.79155,0.70535,0.79015,0.59762,0.75454,0.59861,0.81682,0.005116,0.005116,0.005116
150,2656.39,0.7659,0.56534,0.8142,0.82213,0.67196,0.78914,0.59564,0.74755,0.60073,0.81448,0.005083,0.005083,0.005083
151,2674.45,0.76551,0.56833,0.81628,0.79404,0.70031,0.7842,0.5943,0.74917,0.60602,0.81403,0.00505,0.00505,0.00505
152,2691.82,0.77365,0.56448,0.81903,0.7954,0.70684,0.79625,0.60254,0.75048,0.59358,0.81439,0.005017,0.005017,0.005017
153,2709.92,0.76914,0.54139,0.80595,0.81301,0.6972,0.79416,0.603,0.74921,0.61272,0.81478,0.004984,0.004984,0.004984
154,2727.24,0.76816,0.54885,0.81131,0.82125,0.70422,0.79805,0.59881,0.75478,0.59032,0.81467,0.004951,0.004951,0.004951
155,2745.32,0.76762,0.54081,0.81244,0.81266,0.71662,0.79797,0.60156,0.76093,0.59435,0.81438,0.004918,0.004918,0.004918
156,2762.58,0.76892,0.53822,0.80614,0.79653,0.7095,0.79605,0.60157,0.74455,0.59078,0.81404,0.004885,0.004885,0.004885
157,2780.69,0.76134,0.55871,0.81168,0.82446,0.69216,0.79202,0.60128,0.74719,0.59352,0.81341,0.004852,0.004852,0.004852
158,2797.95,0.76783,0.55285,0.8139,0.83136,0.69032,0.79566,0.60233,0.7437,0.58492,0.81239,0.004819,0.004819,0.004819
159,2816,0.76267,0.54103,0.80935,0.80411,0.68847,0.78407,0.58799,0.74985,0.60718,0.81347,0.004786,0.004786,0.004786
160,2833.3,0.77004,0.54733,0.80958,0.80265,0.72084,0.80031,0.60546,0.74471,0.57933,0.81383,0.004753,0.004753,0.004753
161,2851.33,0.78307,0.55312,0.80614,0.80549,0.6951,0.79182,0.6029,0.74782,0.5885,0.81333,0.00472,0.00472,0.00472
162,2868.64,0.75981,0.53361,0.81974,0.81515,0.71438,0.80049,0.60742,0.74754,0.57751,0.81404,0.004687,0.004687,0.004687
163,2886.7,0.74345,0.52765,0.81059,0.79762,0.70496,0.79076,0.59864,0.74625,0.6004,0.81349,0.004654,0.004654,0.004654
164,2903.98,0.76026,0.53657,0.8139,0.83218,0.69262,0.79576,0.60175,0.75203,0.59006,0.81517,0.004621,0.004621,0.004621
165,2921.96,0.74948,0.52445,0.81489,0.81554,0.71405,0.80456,0.61343,0.73967,0.5678,0.81387,0.004588,0.004588,0.004588
166,2939.19,0.74884,0.51571,0.8105,0.80867,0.71448,0.80297,0.61104,0.73485,0.56131,0.81233,0.004555,0.004555,0.004555
167,2957.17,0.75371,0.5314,0.81004,0.82496,0.70598,0.7988,0.60449,0.74378,0.58483,0.81242,0.004522,0.004522,0.004522
168,2974.43,0.73566,0.51628,0.80587,0.82762,0.70792,0.80743,0.61505,0.73993,0.57126,0.8123,0.004489,0.004489,0.004489
169,2992.45,0.75577,0.52214,0.81521,0.82532,0.71404,0.80639,0.61353,0.73601,0.56657,0.81186,0.004456,0.004456,0.004456
170,3009.75,0.75557,0.52851,0.81385,0.80258,0.71683,0.79734,0.60666,0.73977,0.58134,0.8127,0.004423,0.004423,0.004423
171,3027.7,0.73,0.50812,0.80629,0.81938,0.7187,0.8094,0.6175,0.74154,0.56674,0.81307,0.00439,0.00439,0.00439
172,3045,0.75924,0.52784,0.80854,0.79849,0.72777,0.81257,0.61617,0.74094,0.55353,0.81221,0.004357,0.004357,0.004357
173,3063.06,0.75242,0.52601,0.81599,0.82451,0.70715,0.80469,0.60845,0.75066,0.57077,0.81222,0.004324,0.004324,0.004324
174,3080.3,0.72873,0.5124,0.8057,0.8087,0.72233,0.80617,0.61356,0.74015,0.55949,0.81318,0.004291,0.004291,0.004291
175,3098.31,0.73115,0.53284,0.80623,0.80962,0.72482,0.8086,0.61386,0.74141,0.55872,0.81287,0.004258,0.004258,0.004258
176,3115.65,0.75644,0.52965,0.8113,0.81642,0.72161,0.80602,0.61266,0.73982,0.56012,0.81257,0.004225,0.004225,0.004225
177,3133.53,0.7404,0.51565,0.80411,0.79907,0.73788,0.8121,0.61613,0.74399,0.56841,0.81289,0.004192,0.004192,0.004192
178,3150.74,0.74104,0.52287,0.81288,0.80251,0.73548,0.80907,0.61417,0.74559,0.56423,0.81357,0.004159,0.004159,0.004159
179,3168.74,0.75471,0.51021,0.81143,0.82579,0.70981,0.80894,0.61636,0.74318,0.5725,0.81343,0.004126,0.004126,0.004126
180,3186.14,0.72347,0.50288,0.80781,0.82778,0.71761,0.80968,0.61826,0.73628,0.56099,0.81175,0.004093,0.004093,0.004093
181,3204.2,0.7309,0.50253,0.8074,0.81756,0.72283,0.81074,0.61602,0.7422,0.55764,0.81266,0.00406,0.00406,0.00406
182,3221.52,0.70661,0.47741,0.80372,0.81087,0.72962,0.81108,0.61729,0.7359,0.55407,0.81236,0.004027,0.004027,0.004027
183,3239.63,0.75469,0.5176,0.80737,0.8247,0.716,0.80936,0.61673,0.73911,0.5621,0.81277,0.003994,0.003994,0.003994
184,3256.94,0.72148,0.49686,0.80674,0.81918,0.71414,0.81185,0.61574,0.7381,0.55525,0.81191,0.003961,0.003961,0.003961
185,3275.04,0.72041,0.49402,0.80875,0.82721,0.72114,0.81308,0.61908,0.73615,0.55348,0.81243,0.003928,0.003928,0.003928
186,3292.29,0.73839,0.50209,0.80491,0.84008,0.70057,0.80628,0.61349,0.73986,0.57166,0.81107,0.003895,0.003895,0.003895
187,3310.28,0.70683,0.4719,0.8013,0.82724,0.72748,0.8161,0.62062,0.73376,0.54717,0.81071,0.003862,0.003862,0.003862
188,3327.55,0.71995,0.48255,0.80978,0.82704,0.71714,0.81431,0.61763,0.73907,0.56914,0.81271,0.003829,0.003829,0.003829
189,3345.51,0.73375,0.49705,0.81298,0.83861,0.71687,0.81903,0.62437,0.7354,0.54235,0.81197,0.003796,0.003796,0.003796
190,3362.74,0.71783,0.48455,0.80769,0.84077,0.72543,0.81916,0.62271,0.7375,0.5369,0.81168,0.003763,0.003763,0.003763
191,3380.67,0.71062,0.48938,0.80863,0.81266,0.7357,0.81847,0.62457,0.73816,0.54675,0.81321,0.00373,0.00373,0.00373
192,3397.89,0.73518,0.48223,0.80745,0.843,0.7344,0.82504,0.62997,0.73599,0.53761,0.81188,0.003697,0.003697,0.003697
193,3415.94,0.71334,0.5012,0.80711,0.83425,0.72656,0.81763,0.62433,0.73372,0.54486,0.81204,0.003664,0.003664,0.003664
194,3433.27,0.71172,0.47618,0.80541,0.82916,0.72793,0.8184,0.62412,0.735,0.54782,0.81166,0.003631,0.003631,0.003631
195,3451.29,0.70715,0.48257,0.80306,0.83326,0.73355,0.82705,0.62949,0.7416,0.53153,0.81279,0.003598,0.003598,0.003598
196,3468.72,0.71684,0.47867,0.80096,0.84051,0.7218,0.82404,0.62754,0.7357,0.54572,0.81133,0.003565,0.003565,0.003565
197,3486.71,0.71841,0.48606,0.8083,0.83669,0.73352,0.82426,0.62573,0.74015,0.53751,0.81294,0.003532,0.003532,0.003532
198,3504.02,0.72526,0.47692,0.80745,0.8584,0.72804,0.82966,0.63096,0.73663,0.53291,0.81227,0.003499,0.003499,0.003499
199,3521.98,0.72069,0.47496,0.80785,0.85536,0.72069,0.82686,0.62869,0.73371,0.5347,0.81075,0.003466,0.003466,0.003466
200,3539.26,0.72388,0.47406,0.80325,0.84648,0.72145,0.82753,0.63155,0.73168,0.53216,0.81058,0.003433,0.003433,0.003433
201,3557.41,0.701,0.46724,0.80291,0.84132,0.73514,0.82771,0.63045,0.73469,0.53449,0.81178,0.0034,0.0034,0.0034
202,3574.71,0.72258,0.4679,0.81063,0.83676,0.73154,0.81848,0.62437,0.73288,0.53652,0.81095,0.003367,0.003367,0.003367
203,3592.69,0.69782,0.46727,0.79726,0.83159,0.72384,0.81812,0.62201,0.7358,0.53376,0.8101,0.003334,0.003334,0.003334
204,3609.91,0.69931,0.47478,0.81094,0.83991,0.74159,0.82652,0.63023,0.73005,0.52821,0.81016,0.003301,0.003301,0.003301
205,3627.9,0.70028,0.47499,0.80866,0.84647,0.72796,0.82571,0.62709,0.72986,0.5346,0.81106,0.003268,0.003268,0.003268
206,3645.2,0.71676,0.4708,0.80258,0.83768,0.74205,0.8303,0.6345,0.72537,0.52523,0.81072,0.003235,0.003235,0.003235
207,3663.31,0.70842,0.46617,0.79379,0.84708,0.73303,0.83203,0.6339,0.72993,0.53176,0.81167,0.003202,0.003202,0.003202
208,3680.61,0.72224,0.4747,0.80324,0.8445,0.74349,0.83163,0.63606,0.73074,0.53073,0.8108,0.003169,0.003169,0.003169
209,3698.66,0.72057,0.46984,0.80108,0.85011,0.73809,0.83343,0.63839,0.73118,0.52509,0.81062,0.003136,0.003136,0.003136
210,3716,0.68858,0.45151,0.80155,0.83418,0.74912,0.83078,0.6341,0.72601,0.523,0.81053,0.003103,0.003103,0.003103
211,3734.02,0.69507,0.45219,0.80217,0.84772,0.73941,0.83193,0.6343,0.73156,0.52275,0.81136,0.00307,0.00307,0.00307
212,3751.26,0.6803,0.44551,0.79475,0.83094,0.76063,0.83655,0.6375,0.72944,0.52779,0.81106,0.003037,0.003037,0.003037
213,3769.31,0.70198,0.46484,0.80449,0.85682,0.7242,0.8261,0.63139,0.72569,0.53106,0.81065,0.003004,0.003004,0.003004
214,3786.64,0.69514,0.46188,0.79499,0.85113,0.7411,0.83414,0.63742,0.72866,0.51897,0.81086,0.002971,0.002971,0.002971
215,3804.73,0.69431,0.45887,0.80422,0.85303,0.72237,0.82388,0.62765,0.73105,0.52657,0.81153,0.002938,0.002938,0.002938
216,3821.99,0.69626,0.44871,0.79894,0.83631,0.74694,0.82954,0.63444,0.73083,0.52459,0.81036,0.002905,0.002905,0.002905
217,3839.95,0.68875,0.44152,0.79917,0.8536,0.73205,0.82935,0.63311,0.73665,0.52364,0.81066,0.002872,0.002872,0.002872
218,3857.2,0.70167,0.44826,0.80516,0.8489,0.73662,0.83089,0.63306,0.73025,0.52705,0.81109,0.002839,0.002839,0.002839
219,3875.2,0.68187,0.44941,0.80412,0.84738,0.73222,0.83099,0.6359,0.72639,0.5305,0.81027,0.002806,0.002806,0.002806
220,3892.47,0.69657,0.44908,0.8079,0.84422,0.74467,0.83148,0.63471,0.72762,0.52416,0.80996,0.002773,0.002773,0.002773
221,3910.47,0.70818,0.45736,0.80842,0.85739,0.73984,0.83592,0.63575,0.73544,0.52039,0.81089,0.00274,0.00274,0.00274
222,3927.68,0.71339,0.47703,0.79763,0.8615,0.73934,0.83596,0.63698,0.7306,0.52095,0.81102,0.002707,0.002707,0.002707
223,3945.66,0.67937,0.45122,0.80333,0.84458,0.7439,0.83503,0.63782,0.72605,0.51403,0.81022,0.002674,0.002674,0.002674
224,3962.92,0.686,0.44303,0.80192,0.85029,0.74063,0.83326,0.63301,0.73088,0.52164,0.81024,0.002641,0.002641,0.002641
225,3980.93,0.68343,0.44006,0.79475,0.8581,0.73777,0.8318,0.63196,0.72872,0.52385,0.80992,0.002608,0.002608,0.002608
226,3998.18,0.67195,0.4304,0.80111,0.86144,0.7414,0.83838,0.64139,0.72453,0.50395,0.81018,0.002575,0.002575,0.002575
227,4016.16,0.68686,0.44421,0.79966,0.82965,0.74869,0.83369,0.63597,0.72669,0.52244,0.81018,0.002542,0.002542,0.002542
228,4033.39,0.69281,0.44731,0.80743,0.84837,0.75088,0.83914,0.64051,0.72577,0.51594,0.81018,0.002509,0.002509,0.002509
229,4051.39,0.66555,0.42325,0.7992,0.83243,0.75566,0.83765,0.63913,0.72953,0.52316,0.81017,0.002476,0.002476,0.002476
230,4068.61,0.68859,0.43946,0.80767,0.8388,0.75727,0.83932,0.63926,0.72918,0.51444,0.81056,0.002443,0.002443,0.002443
231,4086.59,0.66895,0.42779,0.79402,0.85685,0.74874,0.84126,0.64101,0.72788,0.51295,0.81016,0.00241,0.00241,0.00241
232,4103.9,0.68983,0.44761,0.7974,0.85352,0.75881,0.84331,0.64379,0.7268,0.50242,0.81005,0.002377,0.002377,0.002377
233,4121.87,0.68666,0.44558,0.79829,0.86797,0.74138,0.83943,0.64005,0.72993,0.51156,0.81091,0.002344,0.002344,0.002344
234,4139.14,0.67861,0.43284,0.80464,0.86898,0.74007,0.83638,0.63857,0.7289,0.51713,0.80988,0.002311,0.002311,0.002311
235,4157.14,0.68309,0.44113,0.8064,0.85854,0.74656,0.83622,0.63794,0.7262,0.51074,0.80972,0.002278,0.002278,0.002278
236,4174.39,0.66377,0.42044,0.79523,0.83369,0.75449,0.83264,0.63609,0.72394,0.51558,0.80936,0.002245,0.002245,0.002245
237,4192.38,0.66903,0.43577,0.79614,0.83442,0.76082,0.83822,0.63928,0.73192,0.51263,0.81086,0.002212,0.002212,0.002212
238,4209.69,0.65868,0.42331,0.79457,0.86123,0.73354,0.83088,0.63248,0.7374,0.51991,0.81096,0.002179,0.002179,0.002179
239,4227.71,0.65885,0.42154,0.80058,0.85314,0.74824,0.83583,0.63939,0.72781,0.51408,0.80988,0.002146,0.002146,0.002146
240,4245.05,0.66064,0.41477,0.79478,0.85,0.7524,0.84053,0.64498,0.72283,0.5112,0.8093,0.002113,0.002113,0.002113
241,4263,0.64724,0.41646,0.79405,0.85866,0.75626,0.84464,0.64724,0.72639,0.505,0.80948,0.00208,0.00208,0.00208
242,4280.26,0.65678,0.41842,0.80289,0.88523,0.73371,0.84333,0.64822,0.72637,0.51275,0.80986,0.002047,0.002047,0.002047
243,4298.49,0.65879,0.40773,0.79339,0.86825,0.74326,0.845,0.64856,0.72335,0.50747,0.81001,0.002014,0.002014,0.002014
244,4315.75,0.67611,0.43312,0.79699,0.85182,0.75354,0.83872,0.64213,0.73057,0.51771,0.80992,0.001981,0.001981,0.001981
245,4333.74,0.65116,0.40223,0.80031,0.85518,0.74203,0.83897,0.64089,0.72772,0.51236,0.80967,0.001948,0.001948,0.001948
246,4351,0.66102,0.41386,0.79565,0.86213,0.74407,0.83842,0.6404,0.73019,0.51302,0.80945,0.001915,0.001915,0.001915
247,4368.98,0.65632,0.42499,0.7983,0.86691,0.74579,0.8442,0.64812,0.72894,0.50976,0.81024,0.001882,0.001882,0.001882
248,4386.2,0.66055,0.40445,0.79787,0.85441,0.74553,0.8402,0.64374,0.73096,0.51741,0.81055,0.001849,0.001849,0.001849
249,4404.28,0.66658,0.42998,0.79472,0.84634,0.74119,0.83745,0.64169,0.72977,0.52441,0.81044,0.001816,0.001816,0.001816
250,4421.6,0.64567,0.40189,0.79518,0.84698,0.74277,0.83759,0.64139,0.72978,0.52981,0.81059,0.001783,0.001783,0.001783
251,4439.58,0.64419,0.39685,0.80037,0.86514,0.7365,0.83926,0.64121,0.73458,0.52678,0.8114,0.00175,0.00175,0.00175
252,4456.78,0.63546,0.39799,0.79134,0.85599,0.75281,0.84232,0.64418,0.73175,0.51541,0.81109,0.001717,0.001717,0.001717
253,4474.84,0.64669,0.40526,0.80343,0.83762,0.772,0.84506,0.646,0.72656,0.51098,0.81023,0.001684,0.001684,0.001684
254,4492.09,0.64986,0.40284,0.79865,0.8575,0.76108,0.84552,0.6463,0.72636,0.50638,0.80984,0.001651,0.001651,0.001651
255,4510.13,0.6354,0.39556,0.79532,0.86481,0.75256,0.8492,0.64962,0.72381,0.4999,0.80937,0.001618,0.001618,0.001618
256,4527.41,0.65256,0.39808,0.79269,0.87149,0.73732,0.84349,0.64401,0.7247,0.51221,0.80914,0.001585,0.001585,0.001585
257,4545.44,0.64977,0.41819,0.7998,0.8664,0.74048,0.84211,0.64531,0.72287,0.51261,0.80933,0.001552,0.001552,0.001552
258,4562.7,0.62917,0.40786,0.79643,0.87245,0.75359,0.84756,0.64961,0.72448,0.50009,0.80925,0.001519,0.001519,0.001519
259,4580.69,0.64311,0.39502,0.79686,0.86634,0.75747,0.84734,0.64953,0.72479,0.49947,0.80994,0.001486,0.001486,0.001486
260,4597.98,0.6378,0.3954,0.79577,0.86595,0.75203,0.84854,0.64969,0.72575,0.50499,0.80962,0.001453,0.001453,0.001453
261,4616.01,0.63614,0.39429,0.79113,0.86451,0.75341,0.84438,0.64785,0.72807,0.50788,0.8098,0.00142,0.00142,0.00142
262,4633.25,0.65399,0.3971,0.79913,0.85434,0.76221,0.84837,0.65187,0.72905,0.50071,0.80999,0.001387,0.001387,0.001387
263,4651.26,0.61971,0.4134,0.79349,0.86966,0.74769,0.84612,0.64764,0.72507,0.50711,0.80981,0.001354,0.001354,0.001354
264,4668.48,0.6176,0.39674,0.79236,0.86563,0.75562,0.8474,0.64821,0.72565,0.50288,0.80966,0.001321,0.001321,0.001321
265,4686.44,0.60509,0.3679,0.7937,0.88807,0.74482,0.85034,0.65033,0.72826,0.49871,0.80929,0.001288,0.001288,0.001288
266,4703.63,0.62342,0.39835,0.79406,0.85538,0.75831,0.84988,0.65022,0.72938,0.50498,0.80976,0.001255,0.001255,0.001255
267,4721.68,0.63304,0.38253,0.79487,0.86167,0.75624,0.84898,0.64986,0.72902,0.50427,0.80932,0.001222,0.001222,0.001222
268,4739,0.61836,0.38612,0.78854,0.86414,0.75506,0.84955,0.65088,0.7262,0.49842,0.80904,0.001189,0.001189,0.001189
269,4757.03,0.62687,0.37675,0.80087,0.87202,0.75182,0.84837,0.65074,0.72591,0.5019,0.80914,0.001156,0.001156,0.001156
270,4774.32,0.62572,0.38691,0.80214,0.87162,0.74625,0.84933,0.65134,0.72688,0.49872,0.80914,0.001123,0.001123,0.001123
271,4792.27,0.61577,0.3804,0.78742,0.88617,0.74909,0.85015,0.65188,0.72798,0.50011,0.81031,0.00109,0.00109,0.00109
272,4809.5,0.63367,0.38073,0.7945,0.86157,0.75817,0.84622,0.64936,0.72577,0.5059,0.80938,0.001057,0.001057,0.001057
273,4827.42,0.63156,0.38201,0.79659,0.83818,0.76952,0.8468,0.65096,0.72761,0.50468,0.8096,0.001024,0.001024,0.001024
274,4844.72,0.61686,0.39241,0.79609,0.86396,0.75677,0.84761,0.65153,0.72501,0.50271,0.80868,0.000991,0.000991,0.000991
275,4862.76,0.63523,0.38981,0.79574,0.8632,0.76336,0.84884,0.65179,0.72544,0.50096,0.80884,0.000958,0.000958,0.000958
276,4879.97,0.62258,0.38503,0.79378,0.86,0.76389,0.84847,0.64996,0.72591,0.49677,0.80912,0.000925,0.000925,0.000925
277,4897.94,0.62635,0.38098,0.79513,0.87527,0.74952,0.84867,0.65075,0.72607,0.50179,0.80929,0.000892,0.000892,0.000892
278,4915.14,0.62572,0.37975,0.79259,0.88069,0.75076,0.85141,0.65186,0.72635,0.49805,0.80874,0.000859,0.000859,0.000859
279,4933.24,0.62815,0.38718,0.79045,0.86092,0.76317,0.85059,0.65411,0.72426,0.50258,0.80904,0.000826,0.000826,0.000826
280,4950.49,0.60532,0.35783,0.79746,0.86291,0.76504,0.85316,0.65633,0.72345,0.49392,0.8093,0.000793,0.000793,0.000793
281,4968.52,0.60848,0.36291,0.79289,0.87569,0.75718,0.85402,0.65608,0.72412,0.4941,0.80976,0.00076,0.00076,0.00076
282,4985.83,0.61194,0.37705,0.79629,0.86784,0.75843,0.85378,0.65488,0.72442,0.49437,0.80971,0.000727,0.000727,0.000727
283,5003.96,0.62912,0.3815,0.78837,0.87834,0.74586,0.85115,0.6519,0.72455,0.49904,0.80958,0.000694,0.000694,0.000694
284,5021.24,0.61467,0.37728,0.8,0.84648,0.77392,0.85084,0.65222,0.72461,0.49388,0.80934,0.000661,0.000661,0.000661
285,5039.36,0.60381,0.37433,0.79105,0.8737,0.75764,0.85286,0.65264,0.72765,0.49457,0.80982,0.000628,0.000628,0.000628
286,5056.7,0.62689,0.37268,0.7908,0.86751,0.76712,0.85341,0.65447,0.72584,0.49425,0.80994,0.000595,0.000595,0.000595
287,5074.85,0.60483,0.36018,0.79645,0.86887,0.7583,0.85284,0.65321,0.72669,0.49806,0.80983,0.000562,0.000562,0.000562
288,5092.19,0.59431,0.36445,0.78713,0.86593,0.76037,0.85187,0.65342,0.72892,0.4977,0.80964,0.000529,0.000529,0.000529
289,5110.22,0.60624,0.36167,0.79514,0.86994,0.76536,0.85439,0.65552,0.72701,0.49176,0.80889,0.000496,0.000496,0.000496
290,5127.47,0.59785,0.36999,0.78496,0.85368,0.7766,0.85349,0.65443,0.72752,0.49629,0.80903,0.000463,0.000463,0.000463
291,5169.97,0.58446,0.33136,0.78647,0.87635,0.75871,0.85266,0.65391,0.72673,0.50113,0.80905,0.00043,0.00043,0.00043
292,5187.3,0.59117,0.33058,0.78867,0.87485,0.7553,0.85147,0.65486,0.72746,0.50628,0.80905,0.000397,0.000397,0.000397
293,5205.35,0.58477,0.32491,0.78521,0.87305,0.75522,0.85182,0.65337,0.72842,0.50357,0.80897,0.000364,0.000364,0.000364
294,5222.58,0.56944,0.32389,0.79972,0.87799,0.75181,0.85038,0.65209,0.72968,0.50382,0.80917,0.000331,0.000331,0.000331
295,5240.61,0.57334,0.32479,0.78563,0.87322,0.75862,0.84998,0.65202,0.73065,0.50406,0.80923,0.000298,0.000298,0.000298
296,5257.84,0.55667,0.31536,0.78543,0.87478,0.75253,0.84949,0.65102,0.73066,0.50552,0.80911,0.000265,0.000265,0.000265
297,5275.76,0.57316,0.3203,0.79048,0.87521,0.74948,0.8494,0.6507,0.72929,0.50521,0.80891,0.000232,0.000232,0.000232
298,5292.95,0.54629,0.31087,0.78231,0.86845,0.75318,0.84862,0.65058,0.72838,0.50478,0.80901,0.000199,0.000199,0.000199
299,5310.96,0.53932,0.30753,0.79259,0.85471,0.76582,0.84879,0.65203,0.72747,0.50411,0.80889,0.000166,0.000166,0.000166
300,5328.23,0.55697,0.31118,0.78727,0.86204,0.76597,0.85073,0.65308,0.72728,0.504,0.80866,0.000133,0.000133,0.000133
